game_id,winner,total_moves,game_duration,player1_algorithm,player1_depth,player2_algorithm,player2_depth,timestamp,algorithm_matchup,depth_matchup,winner_type,moves_per_second,move_nodes_expanded_mean,move_nodes_expanded_sum,move_nodes_expanded_max,move_pruned_nodes_mean,move_pruned_nodes_sum,move_pruned_nodes_max,move_decision_time_mean,move_decision_time_sum,move_decision_time_max,move_column_mean,move_column_std,total_moves_normalized,game_duration_normalized,moves_per_second_normalized,move_nodes_expanded_mean_normalized,move_nodes_expanded_sum_normalized,move_nodes_expanded_max_normalized,move_pruned_nodes_mean_normalized,move_pruned_nodes_sum_normalized,move_pruned_nodes_max_normalized,move_decision_time_mean_normalized,move_decision_time_sum_normalized,move_decision_time_max_normalized,move_column_mean_normalized,move_column_std_normalized
0,2,30,0.3609998226165771,minimax,3,minimax,3,2025-12-16T01:53:07.687286,minimax_vs_minimax,3_vs_3,player2,83.10253390862027,242.13333333333333,7264.0,400.0,0.0,0.0,0.0,0.01201915740966792,0.3605747222900376,0.0216400623321533,2.7666666666666666,1.7356968854500257,0.19908808422699095,-0.545289801210301,1.39288949626945,-0.5712475893204787,-0.595730651583505,-0.6435229685645427,-0.7997272566273695,-0.8153486258790862,-0.8977854896763038,-0.5414311582985565,-0.5626541023548258,-0.5837737056351395,-0.4068333786540871,-0.170221115527236
1,2,30,26.999211072921753,iterative,7,iterative,7,2025-12-16T01:53:34.686507,iterative_vs_iterative,7_vs_7,player2,1.111143578194691,13711.533333333333,411346.0,48860.0,8853.879482788061,265616.3844836418,25468.19224182093,0.8999438365300496,26.99831509590149,2.568866014480591,2.533333333333333,1.995397001952819,0.19908808422699095,-0.28797791856359833,-0.43628037758249166,-0.33013741723195833,-0.2956511009052333,-0.3732045523301936,1.967373612194454,2.2005808456342075,1.2263416079386051,-0.31573753207810146,-0.28073645684899684,-0.42950549033866375,-0.9873184836404271,0.9001554124403187
2,1,23,2.0097179412841797,minimax_ab,5,iterative,5,2025-12-16T01:53:36.696242,minimax_ab_vs_iterative,5_vs_5,player1,11.444392035084956,1569.5217391304348,36099.0,3930.0,805.6521739130435,18530.0,2414.0,0.08735356123551075,2.009131908416747,0.1842679977416992,2.869565217391304,1.6869646713465998,-0.5958622239188114,-0.5293640035250968,-0.20575291975797416,-0.5474865571327016,-0.5743171913358127,-0.6238320067546531,-0.5479369725223314,-0.6049505617092794,-0.6964503197138922,-0.5222825805211554,-0.5452067755967737,-0.5739244335939919,-0.1508430528526579,-0.3710751576224979
3,2,9,8.07430386543274,iterative,5,iterative,7,2025-12-16T01:53:44.770555,iterative_vs_iterative,5_vs_7,player2,1.1146471757807257,15257.444444444445,137317.0,40330.0,9567.799137980102,86110.19224182093,25468.19224182093,0.8971108860439725,8.073997974395752,2.3554718494415283,3.3333333333333335,1.5,-2.1857628402104163,-0.47078311733299255,-0.43620221480066,-0.3024647002561794,-0.49915063613030175,-0.4207863948906352,2.1904947538353836,0.16238573747596152,1.2263416079386051,-0.3164576144039347,-0.48101992124471316,-0.4424293289041007,1.0029161620270246,-1.1416662473127321
4,1,30,429.1683280279275,minimax,7,minimax,7,2025-12-16T02:01:36.316960,minimax_vs_minimax,7_vs_7,player1,0.06990264201893248,214906.30338256145,6447189.1014768435,459650.45571964927,0.0,0.0,0.0,15.688222262646896,470.6466678794069,42.95008794624037,3.1333333333333333,2.096521475885848,0.19908808422699095,3.5967758906798406,-0.4595097257396399,3.271367150891321,4.186689329640342,1.918256970458129,-0.7997272566273695,-0.8153486258790862,-0.8977854896763038,3.443162588655599,4.414567923141414,2.0161114890460006,0.5053575006101614,1.3169486921607643
5,2,36,13.653153896331789,minimax_ab,7,minimax_ab,5,2025-12-16T02:01:49.970121,minimax_ab_vs_minimax_ab,7_vs_5,player2,2.6367534031585307,8261.0,297396.0,42865.0,4675.871791212274,168331.38448364186,25468.19224182093,0.37922898266050553,13.652243375778198,1.9228968620300293,3.0277777777777777,2.0352060072787457,0.8804740626376787,-0.4168941984800871,-0.4022451024172547,-0.4277051656078486,-0.3802726994911368,-0.4066457183501054,0.6616218526659736,1.0959626226034658,1.2263416079386051,-0.448093379775785,-0.4219831640890893,-0.46862746465785365,0.2427570959734836,1.064231676542221
6,2,26,6.426921367645264,minimax_ab,3,minimax,5,2025-12-16T02:01:56.397050,minimax_ab_vs_minimax,3_vs_5,player2,4.04548282337645,4922.038461538462,127973.0,19608.0,29.26923076923077,761.0,113.0,0.24716910949120152,6.426396846771239,0.8770310878753662,2.923076923076923,1.895744221630691,-0.25516923471346753,-0.48669601358424014,-0.3708173463383908,-0.4874745384927145,-0.5060896814763893,-0.5363773610732225,-0.79057975083076,-0.8067078850893817,-0.8883609353242937,-0.4816604968462553,-0.49845712966096434,-0.5319684675564864,-0.017716989597310093,0.4894278454299066
7,2,26,9.72367000579834,minimax_ab,5,minimax_ab,7,2025-12-16T02:02:06.120727,minimax_ab_vs_minimax_ab,5_vs_7,player2,2.673887532639003,8373.0,217698.0,50335.0,5886.199701608497,153041.1922418209,25468.19224182093,0.37396250321314883,9.72302508354187,2.0470941066741943,2.3461538461538463,1.671940374350896,-0.25516923471346753,-0.45485106008022425,-0.40141666627702505,-0.4257002998176936,-0.43945806293211387,-0.3649767425087808,1.039885349354328,0.922350812108953,1.2263416079386051,-0.44943201904535335,-0.4635676211071873,-0.4611056791406187,-1.452982359069029,-0.432999099243994
8,2,9,2.816795110702514,iterative,3,minimax,5,2025-12-16T02:02:08.937530,iterative_vs_minimax,3_vs_5,player2,3.1951205701132386,7031.777777777777,63286.0,19608.0,23.444444444444443,211.0,83.0,0.31295792261759436,2.816621303558349,0.8449070453643799,2.111111111111111,1.1666666666666665,-2.1857628402104163,-0.5215680391507312,-0.3897883262090995,-0.44970896544563155,-0.5541275695652559,-0.5363773610732225,-0.7924001699285523,-0.8129528357258304,-0.8908630294000486,-0.4649382273245379,-0.536660798878915,-0.5339140031310192,-2.0377201021871367,-2.5155284572873176
9,1,18,0.9371509552001952,iterative,5,iterative,3,2025-12-16T02:02:09.874688,iterative_vs_iterative,5_vs_3,player1,19.207151099957873,866.5,15597.0,2990.0,463.6111111111111,8345.0,1890.0,0.05204387505849198,0.9367897510528557,0.1830017566680908,2.611111111111111,1.6138696240399015,-1.1636838725943845,-0.5397244675915723,-0.03257126053481722,-0.5600710592266115,-0.589542395497359,-0.6290754923357569,-0.6548349852964932,-0.720595693040606,-0.7401535629037446,-0.531257633587472,-0.5565557928910542,-0.5740011212354617,-0.79382344864498,-0.6723427273154297
10,2,35,186.6208658218384,iterative,5,minimax,7,2025-12-16T02:05:16.495707,iterative_vs_minimax,5_vs_7,player2,0.18754601660359618,83646.35081709275,2927622.278598246,459650.45571964927,288.6,10101.0,1666.0,5.33199781690325,186.61992359161377,40.55182695388794,3.3714285714285714,2.0159031589385656,0.766909732902564,1.2538879412979638,-0.4568851853362959,0.9217368962852366,1.5729870840774074,1.918256970458129,-0.7095311666202232,-0.7006572688267808,-0.7588358653360479,0.8108065971223146,1.408601580379702,1.87086507194142,1.097689240392141,0.9846733149038892
11,1,18,1.2117221355438232,iterative,3,iterative,5,2025-12-16T02:05:17.707440,iterative_vs_iterative,3_vs_5,player1,14.854890797155871,1169.2222222222222,21046.0,4533.0,616.5,11097.0,2996.0,0.06729506121741397,1.2113111019134515,0.2100329399108886,3.2222222222222223,1.6289858106324406,-1.1636838725943845,-0.5370722464393755,-0.1296671067811633,-0.5546521536261378,-0.5854958567461999,-0.6204683665361366,-0.607052656871979,-0.6893482309469574,-0.647909694644247,-0.5273810710937027,-0.5536504258520253,-0.5723640256363448,0.7264946834621007,-0.6100400547601877
12,1,38,0.2452080249786377,minimax_ab,3,minimax,3,2025-12-16T02:05:17.952655,minimax_ab_vs_minimax,3_vs_3,player1,154.97045826012638,132.21052631578948,5024.0,400.0,17.657894736842106,671.0,90.0,0.006441800217879418,0.24478840827941786,0.0178859233856201,3.210526315789474,2.015586491494267,1.1076027221079079,-0.5464082924320013,2.9962120108684407,-0.5732152721360796,-0.597394121358252,-0.6435229685645427,-0.7942086389453844,-0.8077297861026188,-0.8902792074490391,-0.5428488167992623,-0.5638795142917936,-0.5840010683921687,0.6973976857184248,0.9833681425993356
13,2,33,1.533000946044922,iterative,5,minimax_ab,3,2025-12-16T02:05:19.485666,iterative_vs_minimax_ab,5_vs_3,player2,21.526405502317928,704.2121212121212,23239.0,2832.0,343.8181818181818,11346.0,1938.0,0.04643733573682377,1.5324320793151844,0.1929211616516113,2.727272727272727,1.85864075456917,0.5397810734323348,-0.5339688527915162,0.019169663304856407,-0.562976107586778,-0.5838672901319051,-0.6299568441674743,-0.6922738412657404,-0.6865209714770015,-0.7361502123825368,-0.5326827096325577,-0.5502518767032654,-0.5734003700919206,-0.5048373574180149,0.33650269166532565
14,1,42,10.450557947158812,minimax_ab,7,minimax_ab,3,2025-12-16T02:05:29.936233,minimax_ab_vs_minimax_ab,7_vs_3,player1,4.018924177289359,5448.785714285715,228849.0,41147.0,3310.366297229568,139035.38448364186,25468.19224182093,0.24880523908705937,10.449820041656494,1.756361961364746,3.0,2.0242433093898957,1.5618600410483665,-0.4478296837983425,-0.3714098509308489,-0.47804545325082953,-0.4311771024597013,-0.416229024975995,0.234860742338472,0.7633224883391022,1.2263416079386051,-0.481244623709559,-0.45587566523993356,-0.47871335510999047,0.17365172633225293,1.0190479674956439
15,0,42,1.1778690814971924,minimax_ab,5,iterative,3,2025-12-16T02:05:31.114111,minimax_ab_vs_iterative,5_vs_3,draw,35.65761310808303,583.7857142857143,24519.0,3032.0,323.7857142857143,13599.0,2128.0,0.028029209091549784,1.177226781845091,0.133692979812622,3.0,2.0242433093898953,1.5618600410483665,-0.537399250117972,0.33442690103974404,-0.5651318110106891,-0.5829167359749068,-0.6288412089374522,-0.6985345836241039,-0.6609393827789674,-0.7203036165694223,-0.5373617065702405,-0.5540111535686998,-0.5769874197212828,0.17365172633225293,1.0190479674956419
16,2,39,27.05365490913391,minimax_ab,7,minimax_ab,7,2025-12-16T02:05:58.167776,minimax_ab_vs_minimax_ab,7_vs_7,player2,1.4415797100610144,14941.71794871795,582727.0,57666.0,9062.931940839655,353454.3456927465,25468.19224182093,0.6936600819612161,27.052743196487427,2.4124929904937744,3.230769230769231,1.9120330659651599,1.2211670518430227,-0.2874520181620052,-0.42890858140723215,-0.30811638999124713,-0.16838006810794737,-0.3240831331523216,2.0327087276575058,3.1979330851926644,1.2263416079386051,-0.36817095317090387,-0.28016042293052895,-0.43897594477974405,0.7477578741209409,0.5565637284557627
17,1,38,9.313169956207275,minimax_ab,7,iterative,3,2025-12-16T02:06:07.480954,minimax_ab_vs_iterative,7_vs_3,player1,4.080243373489904,5381.184210526316,204485.0,44995.0,3229.510117990575,122721.38448364186,25468.19224182093,0.24506587731210805,9.312503337860106,1.9806950092315672,3.210526315789474,2.015586491494267,1.1076027221079079,-0.4588162865586212,-0.37004186307350395,-0.47925555987806395,-0.44927030674181584,-0.39476420315037025,0.2095907796902594,0.5780858980063323,1.2263416079386051,-0.48219509860746923,-0.46791233362214957,-0.46512702253621785,0.6973976857184248,0.9833681425993356
18,1,28,10.648307800292969,minimax_ab,7,minimax,3,2025-12-16T02:06:18.129272,minimax_ab_vs_minimax,7_vs_3,player1,2.629525791809815,8308.142857142857,232628.0,46779.0,5130.163454480814,143644.5767254628,25468.19224182093,0.38027838298252653,10.647794723510742,2.0583009719848633,2.357142857142857,1.5919772405381725,-0.028040575243238303,-0.4459195184901341,-0.40240634530977915,-0.4268612807727068,-0.42837073983525087,-0.3848127368985733,0.803601519158231,0.8156573574737821,1.2263416079386051,-0.44782664210129164,-0.45378042159706794,-0.46042695524920785,-1.4256439710790914,-0.7625740824533195
19,1,41,18.56176996231079,iterative,7,minimax_ab,5,2025-12-16T02:06:36.691050,iterative_vs_minimax_ab,7_vs_5,player1,2.2088410794471365,7165.487804878048,293785.0,41786.0,4055.5215727717527,166276.38448364186,25468.19224182093,0.4527025746136177,18.560805559158325,2.4981491565704346,3.024390243902439,2.043132458726658,1.4482957113132517,-0.3694794066512086,-0.4117915234259542,-0.4473154774176491,-0.3829543018824812,-0.41266457041607446,0.46774394504846106,1.0726292161345532,1.2263416079386051,-0.42941778511186895,-0.3700339268734454,-0.4337883312275817,0.23432961187089477,1.0969012328526762
20,1,11,151.8046190738678,minimax,7,minimax_ab,3,2025-12-16T02:09:08.495722,minimax_vs_minimax_ab,7_vs_3,player1,0.07246156320610656,195229.71117078158,2147526.8228785973,459650.45571964927,29.363636363636363,323.0,91.0,13.800394426692616,151.80433869361877,40.568554162979126,2.5454545454545454,1.4396969378057565,-1.9586341807401868,0.9175802998714088,-0.45945263801949904,2.9191445920321373,0.9936722572885035,1.918256970458129,-0.7905502462725821,-0.8116811366871354,-0.8901958043131806,2.9633125293031317,1.040134601436009,1.871878125648419,-0.9571634132515261,-1.390210542195987
21,1,31,5.620805025100708,minimax,5,minimax_ab,3,2025-12-16T02:09:14.116538,minimax_vs_minimax_ab,5_vs_3,player1,5.515224218161627,3790.8387096774195,117516.0,19608.0,17.64516129032258,547.0,86.0,0.1812951487879599,5.620149612426757,0.9105370044708252,3.161290322580645,1.8636304031566702,0.3126524139621056,-0.4944826968484941,-0.33802845629932826,-0.5077236785314473,-0.5138552633668044,-0.5363773610732225,-0.7942126185264252,-0.8091377386097454,-0.8906128199924731,-0.4984044092683614,-0.5069899601043135,-0.5299392412325734,0.5749087113458515,0.35706796057158385
22,1,27,429.1683280279275,minimax,7,minimax_ab,7,2025-12-16T02:16:39.841457,minimax_vs_minimax_ab,7_vs_7,player1,0.06291237781703923,168279.6197895517,4543549.734317896,459650.45571964927,8787.153831515761,237253.15345092557,25468.19224182093,12.384847382026848,334.3908793147249,42.95008794624037,2.925925925925926,1.7958483301969643,-0.14160490497835293,3.5967758906798406,-0.45966567358534466,2.4367221254983877,2.773007834422722,1.918256970458129,1.9465198601225835,1.8785317952896585,1.2263416079386051,2.6035072968224253,2.972519515133474,2.0161114890460006,-0.010629259377695951,0.07769827491234385
23,1,36,2.7190210819244385,iterative,5,minimax_ab,5,2025-12-16T02:16:42.560501,iterative_vs_minimax_ab,5_vs_5,player1,13.24005916663225,1340.4722222222222,48257.0,3307.0,763.3333333333334,27480.0,2263.0,0.07550199826558428,2.718071937561034,0.1966109275817871,3.388888888888889,1.9165113808730365,0.8804740626376787,-0.5225124876792919,-0.1656928572653689,-0.5515866780318159,-0.5652884120851992,-0.6273072104961719,-0.561162869798581,-0.5033281831707057,-0.7090441932285252,-0.5252950232271206,-0.5377037854400266,-0.5731769059722849,1.1411269013094858,0.5750214913046553
24,2,9,7.153246164321899,minimax,3,iterative,7,2025-12-16T02:16:49.713755,minimax_vs_iterative,3_vs_7,player2,1.258170038225319,13801.666666666666,124215.0,44069.0,8129.910249091215,73169.19224182093,25468.19224182093,0.7947827445136176,7.153044700622559,2.4241139888763428,2.4444444444444446,1.2360330811826106,-2.1857628402104163,-0.4796800770001458,-0.43300032134410726,-0.3285239776198811,-0.5088804490717016,-0.3999295942653725,1.741111678151053,0.015447726228175841,1.2263416079386051,-0.34246748874289834,-0.49076673065577825,-0.43827213965443507,-1.2084556664923654,-2.229628770652653
25,1,24,5.388450622558594,minimax,5,minimax_ab,5,2025-12-16T02:16:55.102215,minimax_vs_minimax_ab,5_vs_5,player1,4.4539704789211,4726.333333333333,113432.0,19608.0,403.6666666666667,9688.0,2227.0,0.22448990742365516,5.387757778167724,0.8995661735534668,2.9166666666666665,1.8395809226599662,-0.4822978941836968,-0.4967271249070289,-0.36170427592512555,-0.49097777524714636,-0.5168881252239771,-0.5363773610732225,-0.6735694083960757,-0.7053466590319686,-0.7120467061194311,-0.4874251202144014,-0.5094494539589045,-0.5306036701202081,-0.03366438259144025,0.2579459432997567
26,2,34,9.477027893066406,minimax,5,iterative,5,2025-12-16T02:17:04.579254,minimax_vs_iterative,5_vs_5,player2,3.5876226580355555,5401.029411764706,183635.0,19608.0,420.11764705882354,14284.0,2435.0,0.27870820550357595,9.476078987121582,0.9470536708831788,3.5294117647058822,1.8296430206156886,0.6533454031674494,-0.45723350031882276,-0.3810318824927759,-0.47890031911858544,-0.464753942814796,-0.5363773610732225,-0.6684279873698914,-0.653161580622663,-0.6946988538608637,-0.47364385634269424,-0.4661811484219377,-0.5277276741938272,1.4907187712592422,0.21698601910457027
27,1,37,18.53438425064087,iterative,7,iterative,5,2025-12-16T02:17:23.113645,iterative_vs_iterative,7_vs_5,player1,1.996289679745937,7409.7027027027025,274159.0,38495.0,4688.086276805971,173459.1922418209,25468.19224182093,0.5009022016783018,18.533381462097168,2.31483793258667,3.2432432432432434,2.005622726866277,0.9940383923727933,-0.36974393901643365,-0.4165333946811148,-0.4429438872918021,-0.3975289705428317,-0.43102234812608775,0.6654392429708942,1.1541860886453326,1.2263416079386051,-0.4171663533513747,-0.3703241668399428,-0.4448902499026549,0.7787906388662756,0.9423016235249058
28,1,24,236.71843791007996,minimax,7,iterative,3,2025-12-16T02:21:19.832105,minimax_vs_iterative,7_vs_3,player1,0.10138627228148851,136600.7199415936,3278417.278598246,459650.45571964927,34.958333333333336,839.0,111.0,9.801837848358034,235.2441083605928,42.95008794624037,3.75,1.6218615177038684,-0.4822978941836968,1.737805591358144,-0.45880734823678654,1.8696512096508975,1.8334946196275788,1.918256970458129,-0.788801736946728,-0.8058222375445763,-0.8885277415960107,1.9469552244177741,1.9232103832453813,2.0161114890460006,2.039496706645488,-0.6394034452422512
29,1,33,26.63044834136963,iterative,7,minimax_ab,7,2025-12-16T02:21:46.462562,iterative_vs_minimax_ab,7_vs_7,player1,1.2391830425451553,14738.757575757576,486379.0,57877.0,8742.88926341656,288515.3456927465,25468.19224182093,0.8069531700827859,26.629454612731934,3.0959219932556152,2.6666666666666665,1.898464291649086,0.5397810734323348,-0.2915399832913691,-0.4334239077762089,-0.3117494998886164,-0.2399300617942539,-0.32290613798464834,1.9326858650830723,2.4605860863193194,1.2263416079386051,-0.33937399720702527,-0.2846402518960542,-0.3975852811642944,-0.6556127093625187,0.5006388496501795
30,2,28,1.7140851020812988,minimax,3,iterative,5,2025-12-16T02:21:48.179973,minimax_vs_iterative,3_vs_5,player2,16.335244945540612,926.6785714285714,25947.0,3254.0,442.67857142857144,12395.0,1949.0,0.06118888514382494,1.7132887840270985,0.2783479690551758,2.607142857142857,1.52362350055011,-0.028040575243238303,-0.5322196698351465,-0.09664145372241416,-0.5589938274484191,-0.5818562739935056,-0.6276028538321278,-0.6613770269918657,-0.6746101474449385,-0.7352327778880933,-0.5289331453324253,-0.5483377993209047,-0.5682266472403972,-0.803695644308013,-1.0442999432934026
31,2,35,198.3964307308197,minimax,5,minimax,7,2025-12-16T02:25:06.576411,minimax_vs_minimax,5_vs_7,player2,0.17641446406607636,88277.15081709274,3089700.278598246,459650.45571964927,0.0,0.0,0.0,5.668431302479335,198.39509558677673,42.61068105697632,3.0,2.014652210534554,0.766909732902564,1.3676340463756353,-0.45713352239301336,1.0046309364731825,1.6933495189664471,1.918256970458129,-0.7997272566273695,-0.8153486258790862,-0.8977854896763038,0.8963216133474231,1.5332228402066463,1.9955559136672512,0.17365172633225293,0.9795174226871909
32,1,38,17.047460794448853,minimax,5,minimax_ab,7,2025-12-16T02:25:23.623912,minimax_vs_minimax_ab,5_vs_7,player1,2.229070971811468,9593.342105263158,364547.0,47345.0,3571.9311706221542,135733.38448364186,25468.19224182093,0.4485904605765092,17.04643750190735,1.9752860069274905,2.736842105263158,1.9408024326302655,1.1076027221079079,-0.38410688066702686,-0.41134020884871664,-0.40385545928976607,-0.3304049946500485,-0.3816554891976109,0.3166075505963568,0.725830075609005,1.2263416079386051,-0.4304630065707279,-0.3860610774928862,-0.46545460915305514,-0.481030722900461,0.6751391654540363
33,1,42,1.662204027175903,iterative,5,minimax,3,2025-12-16T02:25:25.286126,iterative_vs_minimax,5_vs_3,player1,25.26765626441076,612.1190476190476,25709.0,2846.0,273.1904761904762,11474.0,1703.0,0.03955705392928347,1.6613962650299057,0.1732821464538574,3.0,2.0242433093898957,1.5618600410483665,-0.5327208152360972,0.10263431925186461,-0.5646246277006797,-0.5820330176570724,-0.6298787497013728,-0.7143471014659997,-0.6850676011470644,-0.7557499493092835,-0.5344315468786411,-0.5488869981857433,-0.5745897721636851,0.17365172633225293,1.0190479674956439
34,1,17,12.275897979736328,minimax_ab,7,iterative,5,2025-12-16T02:25:37.562032,minimax_ab_vs_iterative,7_vs_5,player1,1.384827409616933,16013.941176470587,272237.0,47852.0,9862.868762781394,167668.76896728372,25468.19224182093,0.7220797118018655,12.275355100631714,2.1102640628814697,2.6470588235294117,1.2217393579743305,-1.277248202329499,-0.43019780619817016,-0.4301746850533071,-0.28892296437757853,-0.3989562870191995,-0.3788273538895049,2.2827127941574634,1.0884389840750994,1.2263416079386051,-0.3609472218506602,-0.43655531229721645,-0.45727990294819515,-0.7043929702857403,-2.288541589119731
35,1,25,0.1584248542785644,iterative,3,minimax_ab,3,2025-12-16T02:25:37.720465,iterative_vs_minimax_ab,3_vs_3,player1,157.8035221420596,121.24,3031.0,215.0,50.64,1266.0,120.0,0.006324863433837843,0.15812158584594607,0.0114941596984863,3.68,1.6,-0.3687335644485822,-0.5472465747335065,3.059415660454649,-0.573411651001352,-0.5988741638855157,-0.6445549311523132,-0.7839007493579243,-0.8009738849595516,-0.8877771133732842,-0.5428785399136767,-0.5647967432376888,-0.5843881742065465,1.8653511751495866,-0.7295075843203566
36,2,23,13.468471050262451,iterative,5,minimax_ab,7,2025-12-16T02:25:51.188943,iterative_vs_minimax_ab,5_vs_7,player2,1.7076919803418826,12831.739130434782,295130.0,46129.0,7363.364542767037,169357.38448364186,25468.19224182093,0.5855548589125924,13.467761754989624,1.9238038063049316,2.782608695652174,1.6775664663469694,-0.5958622239188114,-0.41867814299378286,-0.42297180504695275,-0.34588625026560144,-0.3819554773971978,-0.3884385513961451,1.5015433291482565,1.1076122941543682,1.2263416079386051,-0.3956492521493548,-0.4239356053788669,-0.4685725371887987,-0.3671729056425981,-0.4098106736942571
37,1,14,3.738855838775635,minimax,5,iterative,3,2025-12-16T02:25:54.927807,minimax_vs_iterative,5_vs_3,player1,3.7444610339896354,5666.428571428572,79330.0,19608.0,27.285714285714285,382.0,99.0,0.26703899247305735,3.7385458946228027,0.8656260967254639,2.357142857142857,1.499083969380217,-1.617941191534843,-0.512661390741583,-0.37753292935631944,-0.4741495182619249,-0.5422129673036303,-0.5363773610732225,-0.791199658770046,-0.81101122380068,-0.8895285792263127,-0.4766099491498068,-0.5269037096363046,-0.5326591905874306,-1.4256439710790914,-1.1454417468678308
38,1,36,164.7515368461609,minimax,7,iterative,5,2025-12-16T02:28:39.679350,minimax_vs_iterative,7_vs_5,player1,0.21851085998436248,70603.42686552633,2541723.367158948,459650.45571964927,305.8333333333333,11010.0,2220.0,4.576403412553999,164.75052285194397,40.52896523475647,3.1944444444444446,2.0398801707725656,0.8804740626376787,1.0426410914972963,-0.4561943816015089,0.6882608959808678,1.2864106665385444,1.918256970458129,-0.7041452370136518,-0.6903360685930866,-0.7126305280704406,0.6187488189350872,1.1771491418966376,1.869480492530219,0.65738931382087,1.0834966463044269
39,2,31,17.31448221206665,iterative,7,iterative,3,2025-12-16T02:28:56.993840,iterative_vs_iterative,7_vs_3,player2,1.790408723767423,8884.387096774193,275416.0,39921.0,6357.399499472318,197079.38448364186,25468.19224182093,0.5585048890882923,17.31365156173706,2.2443342208862305,2.7096774193548385,2.0525358037818613,0.3126524139621056,-0.3815275864708582,-0.4211264530590502,-0.4165461703904678,-0.396595496655842,-0.4230678689360303,1.1871493111681686,1.4223805151427862,1.2263416079386051,-0.4025248418501029,-0.38323304637851013,-0.4491601819699811,-0.5486108466922257,1.1356579341087618
40,2,7,0.0524659156799316,minimax,3,minimax_ab,3,2025-12-16T02:28:57.046455,minimax_vs_minimax_ab,3_vs_3,player2,133.4199529215026,177.71428571428572,1244.0,400.0,29.857142857142858,209.0,115.0,0.007482937404087562,0.052380561828612934,0.0170707702636718,2.5714285714285716,1.7182493859684491,-2.4128914996806454,-0.5482700854233898,2.5154354930799854,-0.5724007281133877,-0.6002012266031376,-0.6435229685645427,-0.7903960108044344,-0.8129755446372356,-0.8881941290525767,-0.5425841794572964,-0.5659158419339834,-0.5840504366930884,-0.8925454052753096,-0.24213249611610346
41,2,25,18.270269870758057,minimax_ab,5,iterative,7,2025-12-16T02:29:15.316733,minimax_ab_vs_iterative,5_vs_7,player2,1.3683432251875498,12043.44,301086.0,49439.0,6669.543069018512,166738.5767254628,25468.19224182093,0.7307812595367431,18.26953148841858,2.7655029296875,2.84,1.9295940851208404,-0.3687335644485822,-0.37229515267275354,-0.43054243553822663,-0.35999726775683055,-0.3775324300854151,-0.3699747883392797,1.2847034674188287,1.07787715747041,1.2263416079386051,-0.3587354533209686,-0.3731165945122213,-0.4175965248443429,-0.22439520280123762,0.6289429902156506
42,2,14,152.84272718429563,minimax_ab,3,minimax,7,2025-12-16T02:31:48.159470,minimax_ab_vs_minimax,3_vs_7,player2,0.09159742342937258,176531.9159198998,2471446.8228785973,459650.45571964927,24.428571428571427,342.0,89.0,10.917315551212855,152.84241771697998,40.54522681236267,3.357142857142857,1.9057460827371866,-1.617941191534843,0.9276079083236067,-0.459025730524827,2.5844430737302067,1.2342218686438862,1.918256970458129,-0.7920926009540589,-0.8114654020287854,-0.8903626105848976,2.230488516875383,1.0511209985556724,1.8704653460934053,1.0621493360052223,0.5306513824407932
43,1,33,2.6405398845672607,iterative,5,iterative,5,2025-12-16T02:31:50.800020,iterative_vs_iterative,5_vs_5,player1,12.497444251029798,1256.2727272727273,41457.0,3587.0,642.6363636363636,21207.0,2302.0,0.0799933491331158,2.6397805213928214,0.2084248065948486,2.484848484848485,1.9384467383902397,0.5397810734323348,-0.523270577044024,-0.18226007031077374,-0.5530938984512139,-0.5703382310442527,-0.625745321174141,-0.5988842653023152,-0.5745546837933284,-0.7057914709300438,-0.52415340695295,-0.5385323741791572,-0.5724614193741931,-1.1079387651960297,0.6654299675701576
44,2,31,1.1741020679473877,minimax_ab,3,minimax_ab,5,2025-12-16T02:31:51.974130,minimax_ab_vs_minimax_ab,3_vs_5,player2,26.40315594895037,833.9677419354839,25853.0,3253.0,424.8709677419355,13171.0,2543.0,0.037857032591296746,1.173568010330199,0.1406340599060058,2.7419354838709675,1.5484990998917603,0.3126524139621056,-0.5374356375968213,0.12796651335612158,-0.5606534057558082,-0.5819260803144101,-0.6276084320082779,-0.6669424331766592,-0.6657990898196946,-0.6856913151881461,-0.5348636600853632,-0.5540498757814871,-0.5765670455344805,-0.468359449689506,-0.9417730056355166
45,2,17,233.23893475532532,minimax,7,iterative,7,2025-12-16T02:35:45.213074,minimax_vs_iterative,7_vs_7,player2,0.0728866302610819,185279.40134579985,3149749.8228785973,459650.45571964927,10152.022616684815,172584.38448364186,25468.19224182093,13.717869487555836,233.20378128844922,42.95008794624037,2.9411764705882355,1.675954512930397,-1.277248202329499,1.7041953200447952,-0.4594431550744216,2.741028201232589,1.7379435376707764,1.918256970458129,2.37308197999456,1.144253122706768,1.2263416079386051,2.9423362537187505,1.9016168022519144,2.0161114890460006,0.027310943562587935,-0.41645447934406177
46,1,19,7.181106328964233,minimax,5,minimax,3,2025-12-16T02:35:52.394189,minimax_vs_minimax,5_vs_3,player1,2.645831871805812,7525.1578947368425,142978.0,19608.0,0.0,0.0,0.0,0.37792460541976125,7.180567502975464,0.9451100826263428,4.105263157894737,1.5236920380774408,-1.05011954285927,-0.47941096165498975,-0.40204256820868234,-0.44087717153461436,-0.49494666184688973,-0.5363773610732225,-0.7997272566273695,-0.8153486258790862,-0.8977854896763038,-0.44842492775090675,-0.4904754460524963,-0.527845384164315,2.923318013109653,-1.0440174599371077
47,2,34,1.6505370140075684,minimax_ab,5,minimax,3,2025-12-16T02:35:54.044737,minimax_ab_vs_minimax,5_vs_3,player2,20.5993562770499,1018.1176470588235,34616.0,3515.0,575.9705882352941,19583.0,2283.0,0.04852384679457716,1.6498107910156234,0.1676418781280517,2.7058823529411766,1.9310761917819355,0.6533454031674494,-0.5328335127853057,-0.0015121486220332331,-0.5573570142822183,-0.5754184974411475,-0.626146949856949,-0.6197193043822565,-0.5929943198544059,-0.7073761305113553,-0.5321523580635036,-0.5490096117974974,-0.5749313649963435,-0.5580521875160742,0.6350516212141408
48,2,26,13.42995309829712,minimax_ab,3,minimax_ab,7,2025-12-16T02:36:07.474698,minimax_ab_vs_minimax_ab,3_vs_7,player2,1.9359710201293798,10670.346153846154,277429.0,42307.0,6200.214489440877,161205.5767254628,25468.19224182093,0.5165112660481379,13.429292917251587,2.0135276317596436,2.4615384615384617,1.8161667154921484,-0.25516923471346753,-0.41905020726802283,-0.417879061275584,-0.3845764541749221,-0.39510060171987516,-0.40975834064186695,1.1380243170151192,1.0150529540677367,1.2263416079386051,-0.4131988249986019,-0.4243427361642993,-0.46313857307156114,-1.165929285174685,0.16144226008661378
49,1,37,188.55088686943057,minimax,7,minimax,5,2025-12-16T02:39:16.025606,minimax_vs_minimax,7_vs_5,player1,0.196233497568336,81349.60212427692,3009935.278598246,459650.45571964927,0.0,0.0,0.0,5.095939919755265,188.54977703094482,40.56463694572449,3.27027027027027,1.995114152243044,0.9940383923727933,1.2725309854812705,-0.456691373786128,0.8806237455458636,1.6341143999563148,1.918256970458129,-0.7997272566273695,-0.8153486258790862,-0.8977854896763038,0.7508051532407432,1.4290259756233206,1.8716408863433263,0.8460282958144997,0.8989896228582318
50,1,28,0.1499619483947754,minimax_ab,3,iterative,3,2025-12-16T02:39:16.175599,minimax_ab_vs_iterative,3_vs_3,player1,186.71403179085067,100.25,2807.0,217.0,44.07142857142857,1234.0,152.0,0.005343735218048061,0.1496245861053457,0.0127098560333251,2.8214285714285716,1.588233853211413,-0.028040575243238303,-0.547328322198648,3.704388664012205,-0.5737873843311321,-0.5990405108629905,-0.644543774800013,-0.7859536234389701,-0.8013372275420358,-0.8851082130258123,-0.5431279241126025,-0.5648866703158544,-0.5843145477174007,-0.2705970785042312,-0.778002777609917
51,2,22,429.1683280279275,iterative,3,minimax,7,2025-12-16T02:51:16.894675,iterative_vs_minimax,3_vs_7,player2,0.05126193748055048,144245.4464944817,3173399.8228785973,459650.45571964927,26.363636363636363,580.0,129.0,9.896642497163121,217.72613493758865,42.95008794624037,3.5454545454545454,1.2238608980744086,-0.709426553653926,3.5967758906798406,-0.4599255866615193,2.0064963055524623,1.7555065109621903,1.918256970458129,-0.7914878355657956,-0.8087630415715584,-0.8870264851505577,1.971052769484968,1.73781080534652,2.0161114890460006,1.5306298938327876,-2.2797974778084025
52,1,30,21.73963713645935,minimax_ab,7,iterative,7,2025-12-16T02:51:38.634321,minimax_ab_vs_iterative,7_vs_7,player1,1.3799678353272635,13464.2,403926.0,48528.0,8491.492298909458,254744.76896728372,25468.19224182093,0.7246191422144572,21.738574266433716,2.381484031677246,2.533333333333333,1.995397001952819,0.19908808422699095,-0.33878278901056447,-0.43028309871545606,-0.33456482918521735,-0.3011613445340828,-0.3750565068120303,1.8541168309936542,2.0771395688376515,1.2263416079386051,-0.36030174676495796,-0.3364023553004801,-0.440853947290983,-0.9873184836404271,0.9001554124403187
53,1,38,16.621928215026855,minimax_ab,7,minimax,5,2025-12-16T02:51:55.256261,minimax_ab_vs_minimax,7_vs_5,player1,2.28613669295278,9479.605263157895,360225.0,58634.0,3656.5627495695226,138949.38448364186,25468.19224182093,0.4373935962978162,16.620956659317017,2.535977840423584,2.8947368421052633,1.9971530234677848,1.1076027221079079,-0.3882173139130778,-0.4100671130087673,-0.4058914155738473,-0.3336146001707881,-0.31868345863901476,0.34305743802596095,0.7623460051486757,1.2263416079386051,-0.4333090372766882,-0.39056410799279045,-0.43149730418299703,-0.08822125336083243,0.9073930072382597
54,1,27,0.2710237503051758,minimax,3,iterative,3,2025-12-16T02:51:55.527294,minimax_vs_iterative,3_vs_3,player1,99.62226546418053,191.37037037037038,5167.0,400.0,24.11111111111111,651.0,103.0,0.010025580724080364,0.27069067955016984,0.0202209949493408,2.6666666666666665,1.61721508012528,-0.14160490497835293,-0.5461589253546385,1.761433012409082,-0.5721562761762945,-0.5972879266360248,-0.6435229685645427,-0.7921918167522826,-0.8079568752166715,-0.8891949666828787,-0.5419378877114213,-0.5636053804040282,-0.5838596489305693,-0.6556127093625187,-0.6585541402429366
55,2,37,206.501127243042,minimax_ab,5,minimax,7,2025-12-16T02:55:22.028430,minimax_ab_vs_minimax,5_vs_7,player2,0.17917577736247783,89549.43996211476,3313329.278598246,459650.45571964927,334.8378378378378,12389.0,1952.0,5.581082936879751,206.50006866455078,40.62657117843628,3.189189189189189,1.955587974069263,0.9940383923727933,1.4459213870023897,-0.4570719194481958,1.0274056595271133,1.8594209842597076,1.918256970458129,-0.695080466054189,-0.6746782741791544,-0.7349825684805178,0.8741193141657744,1.619000946567265,1.8753918231371927,0.6443153249698254,0.7360790553651919
56,2,19,1.0820181369781494,iterative,3,minimax_ab,5,2025-12-16T02:55:23.110455,iterative_vs_minimax_ab,3_vs_5,player2,17.559779592108345,1249.0526315789473,23732.0,3661.0,691.9473684210526,13147.0,2300.0,0.056927442550659145,1.0816214084625237,0.1496400833129882,1.9473684210526316,1.5446568914424659,-1.05011954285927,-0.5383251226082795,-0.06932295264610724,-0.5532231424053042,-0.5835011782573737,-0.6253325361390328,-0.5834731085944059,-0.6660715967565578,-0.7059582772017609,-0.5300163232802831,-0.5550229827022407,-0.5760216117237337,-2.4450780705986035,-0.9576090006095084
57,2,20,5.116403102874756,minimax,3,minimax,5,2025-12-16T02:55:28.226866,minimax_vs_minimax,3_vs_5,player2,3.908996143943895,5280.65,105613.0,19608.0,0.0,0.0,0.0,0.25579909086227415,5.115981817245483,0.8633747100830078,3.6,1.635140425323255,-0.9365552131241552,-0.4993549687514016,-0.3738622675330918,-0.4810551813014966,-0.5226946744064535,-0.5363773610732225,-0.7997272566273695,-0.8153486258790862,-0.8977854896763038,-0.4794669191299766,-0.5123257654603178,-0.5327955418204184,1.6663277105828413,-0.5846732771381946
58,2,37,13.25148892402649,iterative,3,minimax_ab,7,2025-12-16T02:55:41.478367,iterative_vs_minimax_ab,3_vs_7,player2,2.792139072984825,7665.7027027027025,283631.0,42201.0,4300.448019607103,159116.5767254628,25468.19224182093,0.35812694961960245,13.250697135925291,1.9413650035858152,3.0,1.9578900207451218,0.9940383923727933,-0.42077408250255227,-0.39877855812609037,-0.4383613369143049,-0.3904948697810443,-0.41034962731377866,0.5442907497743508,0.9913334961049343,1.2263416079386051,-0.4534571166665574,-0.4262328853084309,-0.4675089744684573,0.17365172633225293,0.7455671401658718
59,2,38,22.024925231933594,iterative,7,minimax,5,2025-12-16T02:56:03.503300,iterative_vs_minimax,7_vs_5,player2,1.7253180022107133,9582.921052631578,364151.0,41691.0,3763.8997958373925,143028.1922418209,25468.19224182093,0.5795765111320897,22.02390742301941,2.4644200801849365,3.1578947368421053,2.0070997738362966,1.1076027221079079,-0.3360270477840462,-0.4225785809771036,-0.4040420022533237,-0.3306990723423699,-0.41319449715033496,0.3766034598079361,0.8086586471584795,1.2263416079386051,-0.3971688348584707,-0.3333825626843965,-0.43583107282779215,0.5664611958718815,0.948389400568307
60,1,28,2.277520179748535,minimax_ab,5,minimax_ab,5,2025-12-16T02:56:05.780876,minimax_ab_vs_minimax_ab,5_vs_5,player1,12.294073285924311,1696.107142857143,47491.0,3744.0,973.4285714285714,27256.0,2371.0,0.08131338868822367,2.276774883270263,0.1672518253326416,3.142857142857143,1.4835963740378313,-0.028040575243238303,-0.5267771669875844,-0.18679713256923758,-0.545220604048196,-0.5658572593385279,-0.6248695475185736,-0.4955018545341633,-0.5058715812480957,-0.7000366545558075,-0.5238178779143362,-0.542374205106612,-0.5749549878510685,0.5290507702014404,-1.209275212760677
61,2,31,244.0105516910553,iterative,7,minimax,7,2025-12-16T03:00:09.791440,iterative_vs_minimax,7_vs_7,player2,0.1270436863699627,110880.05594573857,3437281.7343178955,459650.45571964927,6159.540934428507,190945.76896728372,25468.19224182093,7.871273140753469,244.00946736335754,41.586775064468384,2.838709677419355,1.6752467319482303,0.3126524139621056,1.8082437866192929,-0.45823494949220556,1.4092362154958782,1.9514706108647546,1.918256970458129,1.1253126204496087,1.3527366494653095,1.2263416079386051,1.4562422622055433,2.0159776126504982,1.933544865938117,-0.2276052586813457,-0.4193716599770745
62,2,33,8.08580493927002,minimax_ab,5,minimax,5,2025-12-16T03:00:17.877257,minimax_ab_vs_minimax,5_vs_5,player2,4.081226327848964,4913.818181818182,162156.0,19608.0,425.5151515151515,14042.0,2577.0,0.24499690893924597,8.084897994995117,0.965879201889038,2.727272727272727,1.85864075456917,0.5397810734323348,-0.4706720226752574,-0.3700199340576193,-0.4876216863283993,-0.4807046871414886,-0.5363773610732225,-0.6667411065737828,-0.6559093589027005,-0.6828556085689572,-0.4822126290608194,-0.48090456205507326,-0.526587539347198,-0.5048373574180149,0.33650269166532565
63,2,21,12.322750806808472,minimax,3,minimax_ab,7,2025-12-16T03:00:30.200016,minimax_vs_minimax_ab,3_vs_7,player2,1.7041649489817843,12844.095238095239,269726.0,51842.0,7835.009154372425,164535.1922418209,25468.19224182093,0.586774984995524,12.322274684906006,2.1880171298980713,3.619047619047619,1.6575943555704598,-0.8229908833890407,-0.4297452311724685,-0.42305049061969424,-0.34566506868035207,-0.4008210069318735,-0.35657043105056446,1.6489463084959526,1.0528589259550274,1.2263416079386051,-0.39533911922189097,-0.4360587439494063,-0.45257092655277115,1.7137142497653997,-0.4921274584420753
64,1,40,18.42765498161316,iterative,7,minimax,3,2025-12-16T03:00:48.627681,iterative_vs_minimax,7_vs_3,player1,2.1706505814175165,6558.2,262328.0,34457.0,4707.859612091046,188314.38448364186,25468.19224182093,0.4606717169284821,18.426868677139282,2.347646951675415,2.9,2.0229453013632606,1.3347313815781372,-0.3707748907154413,-0.4126435264006771,-0.45818628585317006,-0.40631491291114963,-0.45354702342023345,0.6716189987890305,1.3228587109091996,1.2263416079386051,-0.42739218016000485,-0.37145143338471864,-0.44290322993837583,-0.07512760437617866,1.0136981149675306
65,2,18,0.8254132270812988,minimax,3,minimax_ab,5,2025-12-16T03:00:49.453134,minimax_vs_minimax_ab,3_vs_5,player2,21.807258969727044,1015.3888888888889,18277.0,3540.0,500.6111111111111,9011.0,2118.0,0.04583819707234696,0.8250875473022453,0.1669120788574218,3.3333333333333335,1.6087993330796875,-1.1636838725943845,-0.5408037985164147,0.025435305337285486,-0.5574058606563657,-0.5875521727311438,-0.6260074954531961,-0.6432713840135257,-0.7130336255426518,-0.7211376479280073,-0.5328349993266888,-0.557737981088608,-0.5749755639928674,1.0029161620270246,-0.6932403707468712
66,2,24,12.816503047943115,minimax_ab,3,iterative,7,2025-12-16T03:01:02.269644,minimax_ab_vs_iterative,3_vs_7,player2,1.8725856741283022,8525.0,204600.0,50075.0,5310.732363560949,127457.57672546279,25468.19224182093,0.5340020855267843,12.816050052642822,2.815253973007202,3.5833333333333335,1.24818709114169,-0.4822978941836968,-0.4249758298964752,-0.41929314347228297,-0.4229794105310546,-0.449184905391773,-0.3664270683078095,0.860034677771828,0.6318627830152466,1.2263416079386051,-0.4087529901586313,-0.43083292572576143,-0.41458344127568864,1.624864488798103,-2.179534965705352
67,2,36,15.903162956237791,iterative,3,iterative,7,2025-12-16T03:01:18.172817,iterative_vs_iterative,3_vs_7,player2,2.263700629809588,6840.638888888889,246263.0,44063.0,4187.438026868992,150747.76896728372,25468.19224182093,0.4417317112286885,15.902341604232786,2.538867235183716,3.111111111111111,2.025237591392008,0.8804740626376787,-0.39516022911793935,-0.41056764569425996,-0.45313046383403854,-0.41824511020191346,-0.39996306332227316,0.5089717633685518,0.8963102391308306,1.2263416079386051,-0.43220637067361595,-0.3981694927406305,-0.4313223131216204,0.4500732048971768,1.0231459869019235
68,1,33,19.594208002090458,minimax,5,iterative,7,2025-12-16T03:01:37.767032,minimax_vs_iterative,5_vs_7,player1,1.684171158971024,9747.424242424242,321665.0,33438.0,3861.036128540028,127414.19224182093,25468.19224182093,0.5937353553193988,19.59326672554016,2.0583720207214355,2.484848484848485,1.7521631652262746,0.5397810734323348,-0.35950656826369354,-0.42349653792056835,-0.401097298524871,-0.36225004415036194,-0.45923118491719594,0.4069614549826105,0.6313701758175534,1.2263416079386051,-0.3935699249927264,-0.3591069857357911,-0.46042265230867724,-1.1079387651960297,-0.10235391695686454
69,1,32,0.9655001163482666,minimax_ab,5,minimax_ab,3,2025-12-16T03:01:38.732549,minimax_ab_vs_minimax_ab,5_vs_3,player1,33.14344499618604,654.78125,20953.0,4624.0,353.3125,11306.0,2919.0,0.030153892934322326,0.9649245738983144,0.2134599685668945,2.40625,1.8114220932736798,0.4262167436972202,-0.5394506287831807,0.27833759032616984,-0.5638609492177667,-0.5855649204466692,-0.6199607525064765,-0.6893065842411953,-0.6869751497051069,-0.6543317361053512,-0.5368216522026534,-0.5562580310350533,-0.5721564737330336,-1.3034755497490584,0.14188688858693438
70,1,32,207.12736892700195,minimax_ab,7,minimax,7,2025-12-16T03:05:05.859947,minimax_ab_vs_minimax,7_vs_7,player1,0.15449431026798677,93207.65071495617,2982644.8228785973,459650.45571964927,4195.355765113808,134251.38448364186,25468.19224182093,6.472697332501411,207.12631464004517,40.68954396247864,2.8125,2.038935522402837,0.4262167436972202,1.4519705704545907,-0.4576225455062462,1.0928897808802298,1.6138479498542129,1.918256970458129,0.5114462922368208,0.7090027722577015,1.2263416079386051,1.1007507963964083,1.625628753147052,1.879205657947674,-0.2928095187460559,1.079603196213774
71,1,33,188.85678696632385,minimax,7,minimax_ab,5,2025-12-16T03:08:14.716744,minimax_vs_minimax_ab,7_vs_5,player1,0.17473557890129954,90645.79632115898,2991311.278598246,459650.45571964927,377.93939393939394,12472.0,2387.0,5.722904942252419,188.85586309432983,40.57443714141846,3.1818181818181817,1.99145903570952,0.5397810734323348,1.2754858283982295,-0.4571709771325012,1.0470310823669944,1.6202838369719894,1.918256970458129,-0.6816099468803012,-0.6737358543558357,-0.6987022043820716,0.9101677802385084,1.432265404384971,1.8722344177879906,0.625977782165764,0.8839247434228464
72,1,23,0.2647538185119629,iterative,3,minimax,3,2025-12-16T03:08:14.981505,iterative_vs_minimax,3_vs_3,player1,86.87315684159148,217.08695652173913,4993.0,400.0,31.347826086956523,721.0,112.0,0.01149790183357566,0.26445174217224016,0.0204420089721679,1.9565217391304348,1.5514878744308411,-0.5958622239188114,-0.5462194897798778,1.4770094245552225,-0.5716959341779511,-0.5974171425917418,-0.6435229685645427,-0.789930127925819,-0.8071620633174871,-0.8884443384601521,-0.5415636515875959,-0.5636714095232919,-0.5838462636088516,-2.422306507147031,-0.9294545124553844
73,2,19,0.1422541141510009,iterative,3,iterative,3,2025-12-16T03:08:15.123769,iterative_vs_iterative,3_vs_3,player2,133.56379963697745,136.68421052631578,2597.0,286.0,54.78947368421053,1041.0,102.0,0.0074787767309891255,0.1420967578887934,0.0153510570526123,3.263157894736842,1.6276126096272245,-1.05011954285927,-0.5474027760469848,2.5186446114683765,-0.5731351905608149,-0.599196461154373,-0.6441588806456554,-0.7826039153249953,-0.8035286374926442,-0.8892783698187371,-0.5425852370215485,-0.5649663402719699,-0.5841545880690856,0.8283341755649669,-0.6156998216634842
74,2,25,9.537581205368042,minimax,5,minimax,5,2025-12-16T03:08:24.661358,minimax_vs_minimax,5_vs_5,player2,2.621209661201022,7981.24,199531.0,19608.0,0.0,0.0,0.0,0.38147708892822263,9.536927223205566,0.8954849243164062,2.88,1.8330302779823358,-0.3687335644485822,-0.45664858541434883,-0.40259187229639715,-0.4327130339422573,-0.45294924837757333,-0.5363773610732225,-0.7997272566273695,-0.8153486258790862,-0.8977854896763038,-0.4475219537667764,-0.46553716769349074,-0.5308508437309553,-0.12488347051786498,0.23094689377905384
75,2,18,206.1441810131073,minimax,3,minimax,7,2025-12-16T03:11:50.805547,minimax_vs_minimax,3_vs_7,player2,0.08731752655611222,169159.76301766085,3044875.7343178955,459650.45571964927,0.0,0.0,0.0,11.452425665325588,206.1436619758606,39.61478567123413,2.888888888888889,1.4095843729891318,-1.1636838725943845,1.4424734638079566,-0.4591212119941887,2.452477206288322,1.6600618963873517,1.918256970458129,-0.7997272566273695,-0.8153486258790862,-0.8977854896763038,2.3665033669198547,1.615228954907732,1.8141148310716615,-0.10276975223267094,-1.5143220867368998
76,1,32,17.34861397743225,iterative,7,minimax_ab,3,2025-12-16T03:12:08.154175,iterative_vs_minimax_ab,7_vs_3,player1,1.844527755452213,8015.40625,256493.0,54663.0,4484.512015113808,143504.38448364186,25468.19224182093,0.5421192646026611,17.347816467285156,3.251820802688598,2.75,1.9176598642195932,0.4262167436972202,-0.3811978905794279,-0.41991909577481695,-0.4321014379975887,-0.4106481031502786,-0.3408343961311031,0.6018162269254173,0.8140655508741733,1.2263416079386051,-0.4066897570675877,-0.3828714657941228,-0.3881435466853461,-0.4482966004388255,0.5797550649105135
77,1,20,201.8475432395935,minimax,7,minimax,3,2025-12-16T03:15:30.001784,minimax_vs_minimax,7_vs_3,player1,0.09908468381138508,141582.0139299123,2831640.278598246,459650.45571964927,0.0,0.0,0.0,10.092347550392152,201.84695100784302,41.15372705459595,2.7,1.3018205875255098,-0.9365552131241552,1.4009700781577243,-0.4588586950461839,1.9588192981141577,1.5017088894703674,1.918256970458129,-0.7997272566273695,-0.8153486258790862,-0.8977854896763038,2.0207972851759646,1.5697551788842008,1.9073180824192209,-0.5726862657930407,-1.958479864093736
78,2,41,1.5672378540039062,minimax_ab,3,iterative,5,2025-12-16T03:15:31.569067,minimax_ab_vs_iterative,3_vs_5,player2,26.160674906655114,604.780487804878,24796.0,3793.0,328.5121951219512,13469.0,2915.0,0.03820936854292703,1.5665841102600082,0.197509765625,2.926829268292683,1.9923634696314705,1.4482957113132517,-0.5336381412748851,0.1225569329628725,-0.564755992232112,-0.5827110301143689,-0.6245962168872182,-0.6970574176818923,-0.6624154620203098,-0.6546653486487852,-0.5347741029636375,-0.5498904323758499,-0.5731224694427536,-0.008381930283672628,0.8876524461832066
79,1,35,7.890539169311523,iterative,5,minimax,5,2025-12-16T03:15:39.459615,iterative_vs_minimax,5_vs_5,player1,4.435691813827454,4213.314285714286,147466.0,19608.0,436.34285714285716,15272.0,2734.0,0.2254183973584856,7.889643907546996,1.0364019870758057,2.914285714285714,1.9609635772396445,0.766909732902564,-0.47255819297447005,-0.3621120600032926,-0.5001611175531226,-0.4916137813339144,-0.5363773610732225,-0.6633571262849144,-0.6419433783884607,-0.6697613162391731,-0.48718911566893847,-0.4829710125811582,-0.5223164521280516,-0.039587699989260025,0.7582350695200122
80,1,29,0.1387140750885009,minimax_ab,3,minimax_ab,3,2025-12-16T03:15:39.598465,minimax_ab_vs_minimax_ab,3_vs_3,player1,209.06313927766686,97.62068965517241,2831.0,223.0,36.10344827586207,1047.0,110.0,0.004768240040746182,0.13827896118163926,0.0095171928405761,2.793103448275862,2.093856836844862,0.08552375449187632,-0.5474369710650834,4.202981430369932,-0.5738344505307931,-0.5990226879725468,-0.6445103057431123,-0.7884438544435234,-0.8034605107584284,-0.8886111447318692,-0.5432742040803654,-0.5650067455106879,-0.5845079056927199,-0.34106413030588084,1.305966151515863
